75001,32.96015,-96.83808
75002,33.08946,-96.60639
75006,32.96165,-96.89717
75007,33.00498,-96.8959
75009,33.3384,-96.75185
75010,33.03058,-96.90148
75013,33.11463,-96.69413
75019,32.96183,-96.984
75020,33.77264,-96.60391
75021,33.72686,-96.47552
75022,33.02554,-97.11871
75023,33.05657,-96.73286
75024,33.07712,-96.80826
75025,33.09057,-96.74061
75028,33.03382,-97.0629
75032,32.85756,-96.42858
75033,33.18471,-96.84404
75034,33.12084,-96.83778
75035,33.15814,-96.7734
75036,33.13339,-96.91453
75038,32.87231,-96.97946
75039,32.88592,-96.94042
75040,32.92797,-96.62006
75041,32.88101,-96.65149
75042,32.91401,-96.67466
75043,32.8571,-96.57986
75044,32.96299,-96.6531
75048,32.9704,-96.58139
75050,32.77428,-97.0037
75051,32.72635,-96.99375
75052,32.66455,-97.02809
75054,32.60036,-97.03409
75056,33.07541,-96.90978
75057,33.05012,-96.9772
75058,33.4473,-96.73546
75060,32.79774,-96.95295
75061,32.82607,-96.96563
75062,32.847,-96.95813
75063,32.90797,-96.9961
75065,33.11108,-97.01277
75067,33.01416,-97.00268
75068,33.17713,-96.95228
75069,33.16805,-96.59671
75070,33.15587,-96.69742
75071,33.24558,-96.62951
75072,33.1875,-96.70099
75074,33.03298,-96.67304
75075,33.02163,-96.74043
75076,33.79608,-96.71913
75077,33.07921,-97.06401
75078,33.24526,-96.80791
75080,32.97382,-96.7416
75081,32.94969,-96.70899
75082,32.99208,-96.66536
75087,32.94581,-96.44136
75088,32.89368,-96.53929
75089,32.93195,-96.54435
75090,33.6054,-96.54657
75092,33.64869,-96.70011
75093,33.03521,-96.80943
75094,33.01871,-96.61481
75098,33.01432,-96.53531
75101,32.27003,-96.70239
75102,32.08274,-96.63999
75103,32.51201,-95.88363
75104,32.58295,-96.96712
75105,32.26717,-96.36682
75109,32.04246,-96.35622
75110,32.08071,-96.52344
75114,32.60769,-96.44322
75115,32.59831,-96.86433
75116,32.66013,-96.91402
75117,32.71005,-95.85268
75119,32.32293,-96.59107
75124,32.32579,-95.96932
75125,32.52983,-96.61563
75126,32.74361,-96.45289
75127,32.6926,-95.79262
75132,32.93865,-96.38046
75134,32.62308,-96.78007
75135,33.06666,-96.22567
75137,32.63421,-96.91224
75140,32.64485,-95.68854
75141,32.63984,-96.69257
75142,32.57004,-96.24637
75143,32.36334,-96.24929
75144,32.11157,-96.20954
75146,32.57608,-96.75137
75147,32.42256,-96.06517
75148,32.12491,-96.01173
75149,32.76994,-96.6151
75150,32.81545,-96.6308
75152,32.43598,-96.67444
75153,32.17149,-96.35331
75154,32.52319,-96.80885
75155,32.2232,-96.46906
75156,32.28759,-96.09999
75157,32.46168,-96.44914
75158,32.46694,-96.39315
75159,32.60652,-96.53939
75160,32.76466,-96.29835
75161,32.73609,-96.17129
75163,32.1672,-96.10999
75164,33.06963,-96.3041
75165,32.36687,-96.79677
75166,33.01671,-96.4495
75167,32.36123,-96.91547
75169,32.70335,-95.99754
75172,32.60369,-96.67458
75173,33.05986,-96.38673
75180,32.71937,-96.61841
75181,32.72696,-96.555
75182,32.80033,-96.55425
75189,32.94821,-96.30941
75201,32.78826,-96.79953
75202,32.77843,-96.8037
75203,32.74439,-96.80206
75204,32.80216,-96.78885
75205,32.83657,-96.79617
75206,32.83161,-96.77032
75207,32.78693,-96.82181
75208,32.75409,-96.83943
75209,32.8487,-96.8257
75210,32.77141,-96.74618
75211,32.73649,-96.90214
75212,32.78203,-96.87853
75214,32.82899,-96.74348
75215,32.75259,-96.76075
75216,32.71158,-96.78256
75217,32.71291,-96.68243
75218,32.84136,-96.70357
75219,32.81087,-96.81315
75220,32.86692,-96.87571
75223,32.79255,-96.74556
75224,32.71117,-96.83953
75225,32.86511,-96.79109
75226,32.78315,-96.77654
75227,32.77044,-96.68831
75228,32.82456,-96.6805
75229,32.8939,-96.86517
75230,32.90202,-96.79226
75231,32.87695,-96.74967
75232,32.65878,-96.83968
75233,32.70444,-96.87271
75234,32.92423,-96.88904
75235,32.83219,-96.84798
75236,32.6866,-96.93455
75237,32.66489,-96.87238
75238,32.87855,-96.70785
75240,32.93194,-96.78924
75241,32.667,-96.75903
75243,32.91232,-96.73633
75244,32.92544,-96.83671
75246,32.79296,-96.77322
75247,32.81417,-96.87803
75248,32.96957,-96.79542
75249,32.6449,-96.96257
75251,32.91984,-96.77308
75252,32.99696,-96.78983
75253,32.67278,-96.61171
75254,32.94571,-96.80127
75261,32.88568,-97.05419
75270,32.78126,-96.80192
75287,33.00015,-96.84075
75401,33.18506,-96.11556
75402,33.06724,-96.08576
75407,33.1512,-96.48808
75409,33.35223,-96.52808
75410,32.7921,-95.63705
75411,33.86275,-95.63955
75412,33.80295,-95.14232
75413,33.43596,-96.16477
75414,33.62504,-96.43193
75415,33.4645,-95.74603
75416,33.67255,-95.35431
75417,33.43827,-95.13114
75418,33.57235,-96.1773
75420,33.05782,-95.72503
75421,33.6448,-95.71809
75422,33.13889,-95.93059
75423,33.29279,-96.19918
75424,33.30535,-96.39059
75426,33.65608,-95.01093
75428,33.27132,-95.91799
75429,33.27847,-95.89231
75431,33.0073,-95.4628
75432,33.38912,-95.66804
75433,33.10883,-95.80571
75434,33.41258,-95.35171
75435,33.50175,-95.29522
75436,33.73507,-95.24904
75437,33.25605,-95.46567
75438,33.60701,-96.07462
75439,33.55261,-96.27796
75440,32.87507,-95.75262
75441,33.4296,-95.65456
75442,33.17717,-96.35035
75446,33.61385,-95.89177
75447,33.765,-96.11966
75448,33.31478,-95.79681
75449,33.423,-95.9493
75450,33.40465,-95.47481
75451,32.96247,-95.11835
75452,33.39284,-96.24469
75453,33.00025,-95.92817
75454,33.283,-96.56073
75455,33.21725,-94.98022
75457,33.1746,-95.21125
75459,33.52988,-96.6831
75460,33.6627,-95.60296
75462,33.62166,-95.48362
75468,33.51175,-95.40747
75469,33.41269,-95.8248
75470,33.58341,-95.79836
75471,33.04431,-95.38883
75472,32.89177,-95.87239
75473,33.81461,-95.48433
75474,32.91709,-96.10611
75475,33.48593,-96.25757
75476,33.70793,-96.24342
75477,33.53118,-95.73429
75478,33.17276,-95.35226
75479,33.63007,-96.3386
75480,33.02129,-95.19159
75481,33.31751,-95.37485
75482,33.16929,-95.60946
75486,33.75757,-95.74663
75487,33.33584,-95.16567
75488,33.77628,-95.98899
75489,33.5204,-96.48467
75490,33.4363,-96.30771
75491,33.49741,-96.39485
75492,33.59139,-96.0004
75493,33.14073,-95.11316
75494,32.90898,-95.26126
75495,33.43246,-96.55041
75496,33.36276,-96.06616
75497,32.92098,-95.5764
75501,33.37413,-94.13168
75503,33.51345,-94.13038
75550,33.49966,-94.88454
75551,33.11648,-94.20325
75554,33.58534,-94.78563
75555,32.94564,-94.13696
75556,33.1512,-94.06263
75558,33.25017,-94.85564
75559,33.49929,-94.63931
75560,33.1957,-94.36699
75561,33.517,-94.27855
75562,32.93588,-94.25302
75563,33.01835,-94.38871
75564,32.88784,-94.24962
75565,32.95202,-94.07527
75566,33.15256,-94.49018
75567,33.31688,-94.31935
75568,33.19607,-94.59362
75569,33.44127,-94.12292
75570,33.4649,-94.4389
75571,33.20704,-94.76407
75572,33.23114,-94.12934
75573,33.34214,-94.22454
75574,33.32892,-94.55229
75601,32.5086,-94.72414
75602,32.45803,-94.65712
75603,32.40448,-94.71754
75604,32.51374,-94.82919
75605,32.58385,-94.71554
75630,32.87588,-94.5572
75631,32.25343,-94.44957
75633,32.12788,-94.28109
75638,33.01869,-94.73173
75639,32.28441,-94.16897
75640,32.7152,-94.68133
75642,32.35818,-94.17821
75643,32.01041,-94.35518
75644,32.79171,-94.99498
75645,32.68375,-94.87317
75647,32.5167,-94.96429
75650,32.51529,-94.55358
75651,32.67061,-94.53064
75652,32.2301,-94.7281
75654,32.08299,-94.82961
75656,33.01471,-94.58686
75657,32.79437,-94.30498
75658,32.17545,-94.90362
75659,32.50725,-94.09249
75661,32.63908,-94.15655
75662,32.38076,-94.87503
75667,31.988,-94.83729
75668,32.90846,-94.68485
75669,32.03348,-94.55678
75670,32.56456,-94.42326
75671,32.48907,-94.31494
75672,32.47076,-94.29353
75680,32.01035,-94.71824
75681,31.93597,-94.685
75682,32.25152,-94.94713
75683,32.82182,-94.74035
75684,32.27085,-94.93147
75686,32.96921,-94.94697
75687,32.10575,-94.96352
75689,32.18196,-94.95771
75691,32.31108,-94.55725
75692,32.4718,-94.11936
75693,32.53364,-94.86083
75694,32.6383,-94.34442
75701,32.32297,-95.29679
75702,32.36403,-95.31207
75703,32.23825,-95.31947
75704,32.40616,-95.4407
75705,32.35905,-95.10149
75706,32.46822,-95.30402
75707,32.30479,-95.171
75708,32.41436,-95.20717
75709,32.31323,-95.38904
75711,32.33698,-95.28382
75750,32.27222,-95.07124
75751,32.07875,-95.91661
75752,32.24239,-95.80751
75754,32.42431,-95.66462
75755,32.63236,-95.08662
75756,32.30031,-95.59771
75757,32.11584,-95.34933
75758,32.27375,-95.50484
75759,32.03617,-95.41573
75760,31.80738,-94.85758
75762,32.21926,-95.41218
75763,32.04154,-95.52231
75764,31.89522,-95.14369
75765,32.64119,-95.2359
75766,31.94592,-95.25181
75770,32.14058,-95.64694
75771,32.53542,-95.43006
75773,32.67969,-95.44654
75778,32.30239,-95.71367
75779,31.86434,-95.48486
75780,31.98905,-95.09122
75782,32.0693,-95.58777
75783,32.82227,-95.42386
75784,31.87344,-94.96234
75785,31.76641,-95.17446
75788,31.82252,-94.91617
75789,32.1126,-95.09405
75790,32.52749,-95.64255
75791,32.22214,-95.22103
75792,32.4679,-95.10623
75801,31.74004,-95.55116
75803,31.87513,-95.66704
75831,31.45745,-96.02275
75833,31.26304,-95.83999
75835,31.29758,-95.48834
75838,31.47956,-96.22844
75839,31.6181,-95.55738
75840,31.78412,-96.08552
75844,31.51921,-95.43481
75845,31.09488,-95.08707
75846,31.34683,-96.18118
75847,31.35204,-95.13564
75848,31.77281,-96.33408
75849,31.39624,-95.47618
75850,31.13209,-95.91595
75851,31.09458,-95.49555
75852,30.98723,-95.72023
75853,31.93488,-95.80963
75855,31.5592,-95.85447
75856,31.20138,-95.2537
75858,31.38083,-95.13676
75859,31.8842,-96.25512
75860,31.62342,-96.24615
75861,31.8524,-95.88771
75862,30.96193,-95.32951
75865,31.05808,-94.96228
75901,31.30264,-94.65481
75903,31.37428,-94.74796
75904,31.33872,-94.83467
75925,31.61018,-95.05327
75926,31.23281,-94.96944
75928,30.67111,-93.7064
75929,31.23579,-94.19735
75930,31.33641,-94.03522
75931,31.09978,-93.98953
75932,31.0551,-93.61396
75933,30.55314,-93.81608
75934,30.89688,-94.75153
75935,31.72999,-94.20077
75936,30.95147,-94.58883
75937,31.47805,-94.38259
75938,30.93436,-94.35605
75939,31.01496,-94.80501
75941,31.18078,-94.76219
75942,30.82567,-94.41657
75943,31.65451,-94.88935
75944,31.34514,-94.38636
75946,31.81372,-94.52392
75948,31.29389,-93.77573
75949,31.22907,-94.51782
75951,30.93098,-94.05762
75954,31.92169,-94.05523
75956,30.6721,-93.96706
75959,31.51021,-93.83994
75960,30.90372,-94.8618
75961,31.5576,-94.51098
75964,31.63334,-94.75057
75965,31.7284,-94.62629
75966,30.83783,-93.72611
75968,31.25882,-93.95924
75969,31.44765,-94.89758
75972,31.49407,-94.12173
75973,31.71977,-93.93259
75974,31.95674,-94.23713
75975,31.89535,-94.4122
75976,31.51546,-94.93863
75977,31.05997,-93.78455
75979,30.77477,-94.4026
75980,31.12387,-94.34703
76001,32.63076,-97.15408
76002,32.62233,-97.09265
76005,32.80057,-97.08001
76006,32.78511,-97.10019
76008,32.68182,-97.62738
76009,32.41635,-97.20115
76010,32.72271,-97.08065
76011,32.7543,-97.08223
76012,32.75459,-97.13901
76013,32.72027,-97.15652
76014,32.69201,-97.08814
76015,32.69204,-97.13341
76016,32.68907,-97.18868
76017,32.66223,-97.16237
76018,32.66074,-97.08967
76020,32.90102,-97.56483
76021,32.8523,-97.13128
76022,32.83063,-97.14506
76023,33.04777,-97.60425
76028,32.52603,-97.30491
76031,32.34873,-97.33267
76033,32.28663,-97.52075
76034,32.89121,-97.1488
76035,32.56172,-97.64251
76036,32.57366,-97.41434
76039,32.8592,-97.08422
76040,32.82133,-97.10488
76041,32.23911,-96.85724
76043,32.20039,-97.76129
76044,32.42961,-97.54286
76048,32.40791,-97.80117
76049,32.46759,-97.70645
76050,32.27262,-97.16326
76051,32.94192,-97.07888
76052,32.98205,-97.38037
76053,32.81683,-97.17898
76054,32.85904,-97.17789
76055,32.1596,-97.14812
76058,32.47072,-97.4251
76059,32.3921,-97.32897
76060,32.63987,-97.2161
76061,32.5026,-97.19813
76063,32.56913,-97.14376
76064,32.30757,-97.03225
76065,32.47042,-96.98861
76066,32.7058,-97.99913
76067,32.80303,-98.1449
76070,32.24291,-97.64991
76071,33.00613,-97.47821
76073,33.10416,-97.72571
76077,32.27886,-97.70891
76078,33.0896,-97.46647
76082,32.97098,-97.71783
76084,32.43258,-97.0888
76085,32.84907,-97.70051
76086,32.75345,-97.78909
76087,32.66995,-97.79065
76088,32.84554,-97.90345
76092,32.95562,-97.14879
76093,32.21459,-97.40098
76102,32.75799,-97.32858
76103,32.75282,-97.26627
76104,32.72848,-97.31819
76105,32.72327,-97.26999
76106,32.81417,-97.35209
76107,32.74176,-97.38202
76108,32.77943,-97.51811
76109,32.70115,-97.38378
76110,32.70678,-97.33843
76111,32.7804,-97.30116
76112,32.74831,-97.21828
76114,32.77365,-97.40417
76115,32.67861,-97.33117
76116,32.72128,-97.44766
76117,32.80374,-97.26766
76118,32.79606,-97.1972
76119,32.69026,-97.26176
76120,32.76742,-97.18286
76123,32.62298,-97.40262
76126,32.64374,-97.51767
76127,32.77663,-97.43044
76131,32.88227,-97.34895
76132,32.66743,-97.41827
76133,32.6538,-97.37746
76134,32.64331,-97.33103
76135,32.83708,-97.46621
76137,32.85864,-97.29137
76140,32.62012,-97.27036
76148,32.86789,-97.25197
76155,32.82404,-97.04911
76164,32.7808,-97.35411
76177,32.96999,-97.30611
76179,32.91397,-97.43947
76180,32.83994,-97.22468
76182,32.88257,-97.20969
76201,33.22122,-97.14715
76205,33.19074,-97.12894
76207,33.22174,-97.18505
76208,33.20917,-97.05786
76209,33.2315,-97.11
76210,33.14985,-97.0962
76225,33.36616,-97.67345
76226,33.10775,-97.17196
76227,33.27465,-96.99075
76228,33.61438,-98.06305
76230,33.52264,-97.94497
76233,33.54025,-96.89696
76234,33.27587,-97.51404
76238,33.4861,-97.34148
76239,33.524,-97.57033
76240,33.65654,-97.17766
76241,33.64542,-97.17628
76244,32.93101,-97.28076
76245,33.82885,-96.85422
76247,33.0965,-97.33154
76248,32.92988,-97.22972
76249,33.27993,-97.3026
76250,33.63006,-97.24237
76251,33.65455,-97.69076
76252,33.67788,-97.38695
76253,33.62516,-97.31327
76255,33.8179,-97.71625
76258,33.37202,-96.9204
76259,33.19977,-97.31603
76261,33.80291,-97.96233
76262,33.01137,-97.22101
76263,33.50435,-97.43735
76264,33.74172,-96.83509
76265,33.74079,-97.53922
76266,33.36818,-97.21513
76267,33.36935,-97.39711
76268,33.62785,-96.76539
76270,33.45471,-97.76247
76271,33.46953,-96.91412
76272,33.46421,-97.12721
76273,33.74794,-96.93935
76301,33.90507,-98.48043
76302,33.86607,-98.48487
76305,33.99979,-98.3909
76306,33.95237,-98.52745
76308,33.85684,-98.5378
76309,33.89551,-98.544
76310,33.81115,-98.51178
76311,33.97324,-98.50823
76351,33.55553,-98.71145
76354,34.09521,-98.62276
76357,34.07875,-98.18512
76360,33.97361,-99.00302
76363,33.50762,-99.53122
76364,34.13998,-99.00529
76365,33.754,-98.2076
76366,33.71439,-98.77436
76367,33.97361,-98.7168
76370,33.45624,-98.89407
76371,33.48668,-99.65453
76372,33.25173,-98.93643
76373,34.15541,-99.11973
76374,33.34823,-98.7648
76377,34.0101,-98.24191
76379,33.67058,-98.47453
76380,33.60434,-99.22305
76384,34.14355,-99.32067
76388,33.31785,-99.62931
76389,33.49713,-98.47568
76401,32.27918,-98.19994
76424,32.80431,-98.89236
76426,33.16493,-97.83772
76427,33.13145,-98.39271
76429,32.74742,-98.67428
76430,32.80303,-99.23519
76431,33.31066,-97.86228
76432,31.83945,-98.78705
76433,32.30662,-98.01096
76435,32.21754,-98.85349
76436,31.87404,-98.22271
76437,32.388,-99.01935
76439,32.6176,-97.92708
76442,31.89015,-98.61242
76443,32.11907,-99.20174
76444,32.11781,-98.5672
76445,32.30318,-98.53829
76446,32.07572,-98.35311
76448,32.39257,-98.79541
76449,32.91592,-98.32512
76450,33.05968,-98.64152
76452,31.77119,-98.39198
76453,32.57202,-98.33908
76454,32.22983,-98.69621
76455,31.82142,-98.36676
76457,31.94968,-98.02773
76458,33.21518,-98.18944
76459,33.27395,-98.38972
76460,33.30796,-98.49798
76462,32.52316,-98.03421
76463,32.455,-98.41516
76464,32.57554,-99.1542
76466,32.42887,-98.7332
76469,32.34696,-99.21707
76470,32.49977,-98.6686
76471,32.11117,-98.98499
76472,32.60631,-98.17095
76474,31.97036,-98.79142
76475,32.65296,-98.51281
76476,32.37055,-97.92017
76481,32.99706,-98.70977
76483,33.16667,-99.25111
76484,32.73147,-98.30551
76486,33.02138,-98.05618
76487,32.97912,-97.88346
76490,32.95721,-98.04033
76491,33.05754,-99.03834
76501,31.07555,-97.25469
76502,31.09388,-97.41082
76504,31.14135,-97.37748
76511,30.79955,-97.42293
76513,31.05777,-97.50369
76518,30.85091,-97.13957
76519,30.98978,-97.03579
76520,30.87266,-96.89972
76522,31.21577,-97.97215
76523,30.80366,-97.27795
76524,31.27445,-97.20736
76525,31.47643,-98.17321
76527,30.8379,-97.79531
76528,31.43589,-97.7844
76530,30.71357,-97.42434
76531,31.68423,-98.19058
76534,30.88225,-97.36952
76537,30.81779,-97.60645
76538,31.64261,-97.8896
76539,31.09193,-97.9992
76541,31.11447,-97.72922
76542,31.00062,-97.7274
76543,31.12343,-97.64077
76544,31.23134,-97.75867
76548,31.05299,-97.64613
76549,31.01583,-97.82546
76550,31.07714,-98.22165
76554,30.97583,-97.3677
76556,30.69481,-96.84487
76557,31.29075,-97.39814
76559,31.07987,-97.61079
76561,31.42531,-97.54098
76565,31.64508,-98.3492
76566,31.51664,-97.99881
76567,30.64535,-97.01363
76569,30.93873,-97.21904
76570,31.0818,-96.94173
76571,30.93305,-97.58448
76573,30.81864,-97.50226
76574,30.58297,-97.38967
76577,30.62128,-97.1787
76578,30.53488,-97.24092
76579,31.19894,-97.26046
76621,31.87789,-97.08891
76622,31.82032,-97.24942
76623,32.219,-96.78879
76624,31.66671,-96.95099
76626,32.10522,-96.71615
76627,32.10511,-97.3881
76628,32.03007,-96.97179
76629,31.15114,-96.65499
76630,31.33993,-97.22405
76631,31.97905,-96.96277
76632,31.29602,-97.06158
76633,31.6857,-97.32503
76634,31.80953,-97.56866
76635,31.72956,-96.66483
76636,32.17213,-97.28307
76637,31.76631,-97.81817
76638,31.55487,-97.446
76639,31.87254,-96.65551
76640,31.69029,-97.07323
76641,32.03847,-96.78723
76642,31.50442,-96.53271
76643,31.45011,-97.19732
76645,32.01224,-97.12816
76648,31.84942,-96.80659
76649,32.00132,-97.87816
76650,31.98994,-96.86678
76651,32.18313,-96.87158
76652,32.11331,-97.57648
76653,31.29963,-96.60536
76654,31.72708,-97.01346
76655,31.39295,-97.1728
76656,31.18555,-97.06161
76657,31.43851,-97.39971
76660,31.93015,-96.89331
76661,31.30785,-96.84584
76664,31.56202,-96.79552
76665,31.91784,-97.72049
76666,32.04653,-96.89178
76667,31.65668,-96.46511
76670,32.12887,-96.98836
76671,31.99351,-97.52768
76673,31.75371,-96.89105
76676,31.87169,-96.95847
76678,31.65009,-96.75087
76679,31.94557,-96.59358
76680,31.18798,-96.80383
76681,31.91071,-96.44006
76682,31.45235,-96.90825
76685,31.34973,-97.0101
76686,31.74178,-96.54464
76687,31.36914,-96.48691
76689,31.66624,-97.50471
76690,32.1031,-97.79219
76691,31.77564,-97.09721
76692,31.95902,-97.33382
76693,31.80977,-96.43843
76701,31.55201,-97.13852
76704,31.57558,-97.12417
76705,31.62448,-97.08814
76706,31.465,-97.09131
76707,31.55365,-97.15829
76708,31.62749,-97.21186
76710,31.5387,-97.19554
76711,31.51422,-97.15374
76712,31.52411,-97.25514
76801,31.75471,-99.05462
76802,31.7194,-98.8949
76820,30.79295,-99.04508
76821,31.73862,-99.94963
76823,31.68718,-99.16205
76824,30.9411,-98.46339
76825,31.09493,-99.39329
76827,31.52589,-99.13031
76828,32.00728,-99.28435
76831,30.74599,-98.95543
76832,30.97485,-98.74384
76834,31.87885,-99.46843
76836,31.42409,-99.59196
76837,31.21098,-99.88176
76841,30.86695,-100.14226
76842,30.91888,-99.1023
76844,31.44387,-98.49348
76845,31.54305,-99.48192
76848,30.83928,-99.5637
76849,30.45849,-99.83805
76852,31.35558,-99.44335
76853,31.24774,-98.39047
76854,30.57125,-99.53945
76856,30.70296,-99.26668
76857,31.93361,-98.93313
76858,31.20758,-99.62002
76859,30.87106,-99.83123
76861,31.59216,-100.19637
76862,31.4138,-99.70944
76864,31.54561,-98.73637
76865,31.84944,-100.13663
76866,31.45181,-99.92922
76869,30.90951,-98.97464
76870,31.60386,-98.53151
76871,31.27333,-98.995
76872,31.3357,-99.1603
76873,31.50459,-99.3696
76874,30.47693,-100.12271
76875,31.59928,-100.00749
76877,31.15807,-98.75361
76878,31.66659,-99.29611
76880,31.44491,-98.3151
76882,31.80059,-99.71448
76884,31.69654,-99.56407
76885,30.87304,-98.85742
76887,31.02696,-99.15806
76888,31.60919,-99.63742
76890,31.69229,-98.7649
76901,31.52352,-100.63993
76902,31.54439,-100.72459
76903,31.48168,-100.43787
76904,31.28844,-100.41695
76905,31.49987,-100.31583
76908,31.43226,-100.40314
76930,31.11075,-101.11975
76932,31.19124,-101.54984
76933,31.87618,-100.28544
76934,31.61491,-100.67661
76935,31.07744,-100.42261
76936,30.88811,-100.64723
76937,31.39109,-100.15025
76939,31.26855,-100.59028
76940,31.43681,-100.12694
76941,31.24731,-100.89845
76943,30.48057,-101.32623
76945,31.87297,-100.60292
76950,30.43439,-100.56564
76951,31.81255,-101.04709
76953,31.72871,-100.32078
76955,31.29919,-100.1389
76957,31.37232,-100.30514
76958,31.64467,-100.75515
77002,29.75635,-95.36538
77003,29.74961,-95.34521
77004,29.72477,-95.36498
77005,29.71824,-95.42413
77006,29.74086,-95.39126
77007,29.77152,-95.40919
77008,29.79856,-95.41766
77009,29.79499,-95.36758
77010,29.75368,-95.35987
77011,29.743,-95.30785
77012,29.71904,-95.27449
77013,29.79516,-95.23895
77014,29.98025,-95.46363
77015,29.76485,-95.17216
77016,29.86147,-95.29951
77017,29.69153,-95.25093
77018,29.82703,-95.42571
77019,29.75318,-95.41212
77020,29.76842,-95.30878
77021,29.69713,-95.35751
77022,29.8306,-95.3768
77023,29.7216,-95.31827
77024,29.77073,-95.50869
77025,29.68584,-95.43512
77026,29.80013,-95.32934
77027,29.73919,-95.44609
77028,29.82471,-95.28668
77029,29.76382,-95.26326
77030,29.70597,-95.40253
77031,29.65434,-95.54622
77032,29.96523,-95.34004
77033,29.66801,-95.33801
77034,29.61522,-95.19237
77035,29.65269,-95.47688
77036,29.70119,-95.53659
77037,29.8918,-95.39438
77038,29.91906,-95.44121
77039,29.90923,-95.34137
77040,29.87539,-95.52861
77041,29.86203,-95.58187
77042,29.74125,-95.56015
77043,29.8112,-95.57981
77044,29.89808,-95.17685
77045,29.63634,-95.43279
77046,29.73438,-95.43301
77047,29.60843,-95.38662
77048,29.62154,-95.32986
77049,29.83417,-95.14827
77050,29.90286,-95.27013
77051,29.65586,-95.38023
77053,29.58549,-95.45991
77054,29.68102,-95.40424
77055,29.79757,-95.4928
77056,29.74849,-95.46806
77057,29.74522,-95.48885
77058,29.56297,-95.09303
77059,29.60929,-95.12417
77060,29.93567,-95.39697
77061,29.65436,-95.28481
77062,29.57584,-95.13406
77063,29.7356,-95.52157
77064,29.92279,-95.5467
77065,29.92673,-95.60324
77066,29.95714,-95.50277
77067,29.95283,-95.44719
77068,30.00628,-95.48694
77069,29.98631,-95.52398
77070,29.97783,-95.57377
77071,29.65265,-95.52046
77072,29.70006,-95.58539
77073,29.99849,-95.39804
77074,29.68821,-95.51633
77075,29.62119,-95.26749
77076,29.86002,-95.38328
77077,29.75375,-95.64189
77078,29.8529,-95.25089
77079,29.77632,-95.6037
77080,29.81662,-95.52375
77081,29.71219,-95.48026
77082,29.72383,-95.6414
77083,29.69316,-95.64858
77084,29.82698,-95.6612
77085,29.62465,-95.48411
77086,29.9186,-95.49064
77087,29.68631,-95.3034
77088,29.88148,-95.45316
77089,29.58698,-95.2257
77090,30.00845,-95.44317
77091,29.85382,-95.43969
77092,29.83153,-95.47521
77093,29.8623,-95.34097
77094,29.7738,-95.69955
77095,29.90834,-95.65492
77096,29.67464,-95.47965
77098,29.73482,-95.41526
77099,29.67067,-95.58485
77301,30.30897,-95.43281
77302,30.22626,-95.36014
77303,30.37569,-95.37937
77304,30.33097,-95.51538
77306,30.2799,-95.31337
77316,30.30974,-95.68528
77318,30.44709,-95.54364
77320,30.80672,-95.55687
77326,30.50445,-94.81661
77327,30.3262,-94.91826
77328,30.40767,-95.18888
77331,30.61928,-95.17706
77334,30.77996,-95.36465
77335,30.58901,-94.92353
77336,30.06842,-95.10306
77338,30.00858,-95.28351
77339,30.04788,-95.22139
77340,30.64601,-95.53441
77342,30.73877,-95.55911
77345,30.05392,-95.15884
77346,29.99027,-95.17777
77350,30.81432,-94.90086
77351,30.70411,-94.81682
77354,30.21113,-95.65003
77355,30.1579,-95.75014
77356,30.44807,-95.70358
77357,30.15694,-95.18173
77358,30.55061,-95.45419
77359,30.76262,-95.30441
77360,30.8471,-95.11394
77362,30.16003,-95.67237
77363,30.3267,-95.85732
77364,30.76592,-95.22168
77365,30.11638,-95.2747
77367,30.8504,-95.39147
77368,30.45114,-94.8407
77369,30.44296,-94.75084
77371,30.49376,-94.98146
77372,30.24472,-95.18281
77373,30.06143,-95.38423
77374,30.38226,-94.63069
77375,30.09393,-95.59095
77376,30.44422,-94.6779
77377,30.06141,-95.67608
77378,30.45873,-95.37454
77379,30.03966,-95.53305
77380,30.1365,-95.46863
77381,30.17791,-95.50266
77382,30.19961,-95.5455
77384,30.23453,-95.49675
77385,30.1894,-95.42264
77386,30.10153,-95.3561
77388,30.05957,-95.46764
77389,30.11509,-95.50752
77396,29.94778,-95.26129
77401,29.70398,-95.46192
77406,29.64571,-95.79184
77407,29.67658,-95.71455
77412,29.56693,-96.46031
77414,28.90601,-95.8935
77415,28.93425,-95.72035
77417,29.46633,-95.9621
77418,29.97922,-96.25063
77419,28.8692,-96.25603
77420,29.23404,-95.91908
77422,28.96492,-95.57268
77423,29.83386,-95.98219
77426,30.11633,-96.24721
77428,28.67447,-96.15682
77429,29.99068,-95.65808
77430,29.26487,-95.65616
77431,29.13239,-95.82309
77432,29.05808,-96.21608
77433,29.9492,-95.73979
77434,29.52577,-96.31983
77435,29.51111,-96.12395
77436,29.38874,-96.23832
77437,29.20452,-96.27328
77440,28.88819,-96.14603
77441,29.6955,-95.90896
77442,29.43708,-96.49757
77443,29.35835,-96.18255
77444,29.29641,-95.77794
77445,30.09562,-96.06247
77446,30.0871,-95.9895
77447,30.05178,-95.82868
77448,29.4147,-96.08746
77449,29.83674,-95.73547
77450,29.74753,-95.73696
77451,29.46173,-96.02688
77453,29.23303,-96.01802
77454,29.54304,-96.23044
77455,29.14017,-96.43782
77456,28.9511,-96.1136
77457,28.70119,-95.94076
77458,28.95409,-96.25489
77459,29.52691,-95.53407
77460,29.39744,-96.38451
77461,29.39159,-95.77345
77464,29.61807,-95.94148
77465,28.71152,-96.22545
77466,29.80003,-96.01085
77467,29.23345,-96.18563
77468,29.14681,-95.85173
77469,29.49229,-95.70571
77470,29.52775,-96.55305
77471,29.55159,-95.86785
77473,29.79459,-96.1038
77474,29.77583,-96.18518
77475,29.50419,-96.66026
77476,29.67551,-95.97105
77477,29.62625,-95.56718
77478,29.61896,-95.6077
77479,29.56503,-95.6346
77480,29.09388,-95.76692
77481,29.47053,-95.56975
77482,29.09351,-95.88411
77483,28.77467,-95.86638
77484,30.07924,-95.92812
77485,29.64118,-96.06236
77486,29.15495,-95.6805
77488,29.29833,-96.09821
77489,29.60068,-95.51605
77493,29.85193,-95.83025
77494,29.74566,-95.82302
77498,29.64224,-95.65244
77502,29.67984,-95.19953
77503,29.69078,-95.15781
77504,29.64766,-95.19007
77505,29.64895,-95.14284
77506,29.71786,-95.19018
77507,29.62332,-95.06582
77510,29.34788,-95.09089
77511,29.38638,-95.23769
77514,29.69096,-94.62598
77515,29.17604,-95.44955
77517,29.36253,-95.1369
77518,29.50544,-94.98664
77519,30.21124,-94.58596
77520,29.74599,-95.00388
77521,29.81298,-94.96233
77523,29.77598,-94.8632
77530,29.78948,-95.11159
77531,29.03895,-95.40071
77532,29.93177,-95.05602
77533,30.09139,-94.59488
77534,29.21335,-95.30387
77535,30.05129,-94.91569
77536,29.69021,-95.11891
77538,29.99217,-94.53976
77539,29.45578,-95.02723
77541,29.01496,-95.32667
77545,29.53729,-95.47242
77546,29.5132,-95.19352
77547,29.74018,-95.23836
77550,29.31021,-94.77706
77551,29.27903,-94.83502
77554,29.23187,-94.92544
77560,29.86399,-94.59643
77561,30.13459,-94.73551
77562,29.82917,-95.05473
77563,29.31123,-95.01822
77564,30.21811,-94.65989
77565,29.53925,-95.03229
77566,29.04971,-95.47511
77568,29.36653,-94.98773
77571,29.69287,-95.06012
77573,29.50213,-95.08636
77575,30.07738,-94.73666
77577,29.25966,-95.26731
77578,29.47794,-95.36757
77580,29.85706,-94.88081
77581,29.5624,-95.27982
77582,30.01371,-94.65497
77583,29.37763,-95.4585
77584,29.54577,-95.35013
77585,30.29949,-94.5294
77586,29.58267,-95.03391
77587,29.66117,-95.22865
77590,29.3804,-94.91759
77591,29.39971,-95.00074
77597,29.82811,-94.69521
77598,29.53766,-95.13714
77611,30.01259,-93.8222
77612,30.39851,-93.93276
77613,30.02493,-94.35393
77614,30.3055,-93.76033
77615,30.35713,-94.06563
77616,30.56804,-94.2117
77617,29.51128,-94.51052
77619,29.94549,-93.9165
77622,29.85741,-94.29467
77623,29.55957,-94.41621
77624,30.68674,-94.2822
77625,30.37032,-94.3923
77627,29.99095,-94.00772
77629,29.97476,-94.42727
77630,30.06534,-93.86844
77632,30.2014,-93.80477
77640,29.88021,-93.94152
77642,29.93917,-93.91606
77650,29.42995,-94.68096
77651,29.98036,-93.94821
77655,29.71338,-93.95306
77656,30.42866,-94.16887
77657,30.22549,-94.18862
77659,30.15775,-94.43279
77660,30.63993,-94.14105
77661,29.78021,-94.36861
77662,30.1793,-94.01876
77663,30.51033,-94.4052
77664,30.58901,-94.39529
77665,29.78697,-94.40969
77701,30.07321,-94.10579
77702,30.08624,-94.12825
77703,30.11522,-94.10906
77705,29.90652,-94.16961
77706,30.10049,-94.16717
77707,30.05323,-94.1748
77708,30.14747,-94.15128
77713,30.06777,-94.25716
77801,30.63968,-96.36451
77802,30.6609,-96.32233
77803,30.67835,-96.3867
77807,30.6783,-96.47982
77808,30.78965,-96.31362
77830,30.52648,-96.00849
77831,30.73144,-95.90933
77833,30.20842,-96.40797
77835,30.19439,-96.59257
77836,30.53798,-96.67813
77837,31.00704,-96.67718
77840,30.6115,-96.32332
77845,30.56212,-96.27607
77852,30.42833,-96.7573
77853,30.3623,-96.84035
77855,31.14741,-96.11217
77856,31.07714,-96.41499
77857,30.78246,-96.73927
77859,30.88012,-96.51707
77861,30.72477,-96.09908
77863,30.39306,-96.55946
77864,30.96087,-95.89297
77865,31.22275,-96.22553
77866,30.49356,-96.21034
77867,30.74163,-96.56992
77868,30.36954,-96.05815
77871,31.05129,-96.10903
77872,30.88539,-96.0971
77873,30.57489,-95.79934
77875,30.58119,-95.94675
77876,30.60369,-95.85656
77878,30.47222,-96.45089
77879,30.40078,-96.49378
77880,30.28283,-96.1863
77882,30.91139,-96.37909
77901,28.80629,-96.98553
77904,28.91788,-97.0311
77905,28.72789,-97.0508
77950,28.26427,-96.89666
77951,28.63476,-96.91183
77954,29.0966,-97.29533
77957,29.03022,-96.70606
77960,28.65306,-97.2461
77961,28.85684,-96.35947
77962,29.03253,-96.5023
77963,28.65589,-97.40093
77964,29.38023,-96.84301
77968,28.90619,-96.84952
77969,28.77579,-96.64719
77970,28.84533,-96.43153
77971,28.83063,-96.52176
77973,28.54094,-96.95512
77974,28.89295,-97.29275
77975,29.56843,-97.08818
77976,28.94057,-97.1342
77977,28.68082,-96.80183
77978,28.69152,-96.5991
77979,28.60248,-96.6017
77982,28.44903,-96.48657
77983,28.39874,-96.64049
77984,29.45373,-97.18849
77986,29.47661,-96.79607
77987,29.34569,-97.08019
77988,28.84701,-96.87547
77990,28.48098,-96.93438
77991,28.7866,-96.59467
77993,28.85158,-97.433
77994,29.17977,-97.46563
77995,29.20384,-97.08814
78002,29.28305,-98.73652
78003,29.71092,-99.09823
78004,29.85767,-98.53773
78005,28.92848,-98.84668
78006,29.86869,-98.71368
78007,28.48212,-98.40373
78008,28.72478,-98.25911
78009,29.36251,-98.88442
78010,29.91122,-99.04698
78011,28.80267,-98.73441
78012,28.75792,-98.45578
78013,29.97798,-98.90647
78014,28.39837,-99.10946
78015,29.7439,-98.64785
78016,29.18499,-98.95692
78017,28.72456,-99.20455
78019,28.02401,-99.28461
78021,28.4318,-98.83489
78022,28.24222,-98.16421
78023,29.61549,-98.75443
78024,29.9964,-99.48622
78025,30.07971,-99.28562
78026,28.75573,-98.54754
78027,29.98193,-98.53868
78028,30.04115,-99.16276
78029,29.90078,-99.1898
78039,29.31324,-98.82528
78040,27.51349,-99.50232
78041,27.55489,-99.46889
78043,27.54037,-99.27447
78044,27.75613,-99.22748
78045,27.83197,-99.65963
78046,27.38371,-99.36803
78050,29.08924,-98.50258
78052,29.20582,-98.77427
78055,29.8184,-99.31923
78056,29.53896,-98.94184
78057,29.03924,-99.02185
78058,30.13188,-99.59042
78059,29.19236,-98.84143
78061,28.90162,-99.13104
78063,29.68793,-98.91424
78064,28.9206,-98.4249
78065,29.08152,-98.64437
78066,29.49065,-98.89042
78067,27.11312,-99.32793
78069,29.18973,-98.68045
78070,29.89291,-98.40732
78071,28.47756,-98.19733
78072,28.32631,-98.58357
78073,29.24569,-98.6213
78074,29.94234,-98.79214
78075,28.58862,-98.26823
78076,26.93149,-99.13382
78101,29.34444,-98.23316
78102,28.4094,-97.71733
78104,28.52361,-97.76197
78107,28.57827,-97.59484
78108,29.57354,-98.22068
78109,29.47977,-98.29295
78111,29.03696,-97.74074
78112,29.21353,-98.37266
78113,28.94563,-98.13611
78114,29.12124,-98.19708
78116,29.11275,-97.75677
78117,28.95092,-97.95736
78118,28.87574,-97.94729
78119,28.71739,-97.91187
78121,29.35118,-98.10241
78122,29.44512,-97.72212
78123,29.60056,-98.04236
78124,29.5585,-98.15176
78125,28.53184,-97.96656
78130,29.69224,-98.06877
78132,29.76299,-98.19
78133,29.88119,-98.24624
78140,29.30758,-97.7619
78141,28.90484,-97.62365
78142,28.53632,-97.81297
78143,29.26267,-97.86085
78144,28.95506,-97.88795
78145,28.64539,-97.99248
78146,28.6038,-97.83989
78147,29.07375,-98.08017
78148,29.54331,-98.29609
78151,28.86788,-97.70986
78152,29.43046,-98.20171
78154,29.54774,-98.26574
78155,29.53305,-97.93832
78159,29.23031,-97.58247
78160,29.24182,-97.9285
78161,29.28741,-98.05012
78162,28.57816,-97.79447
78163,29.7663,-98.44514
78164,28.9792,-97.5188
78201,29.46901,-98.52861
78202,29.42821,-98.46078
78203,29.41513,-98.4593
78204,29.40327,-98.50368
78205,29.42364,-98.48647
78207,29.42223,-98.52545
78208,29.4399,-98.45823
78209,29.48899,-98.45675
78210,29.39597,-98.46433
78211,29.34644,-98.56327
78212,29.46447,-98.49222
78213,29.51745,-98.52358
78214,29.34944,-98.47971
78215,29.4404,-98.48031
78216,29.53641,-98.48999
78217,29.54073,-98.42097
78218,29.49354,-98.39948
78219,29.44137,-98.38459
78220,29.41308,-98.40152
78221,29.28097,-98.47529
78222,29.3679,-98.38334
78223,29.31102,-98.38675
78224,29.30831,-98.53751
78225,29.38795,-98.52586
78226,29.38442,-98.56885
78227,29.39654,-98.64019
78228,29.46072,-98.57201
78229,29.5056,-98.57261
78230,29.5455,-98.55571
78231,29.57978,-98.54504
78232,29.58792,-98.47503
78233,29.55483,-98.36323
78234,29.46108,-98.43715
78235,29.34244,-98.43934
78236,29.3859,-98.62256
78237,29.42079,-98.56832
78238,29.47088,-98.61925
78239,29.51664,-98.3625
78240,29.5244,-98.60813
78242,29.35067,-98.60751
78244,29.47702,-98.35075
78245,29.40106,-98.73549
78247,29.58005,-98.41196
78248,29.59022,-98.52553
78249,29.56752,-98.614
78250,29.50341,-98.66668
78251,29.46292,-98.67763
78252,29.34167,-98.69682
78253,29.46899,-98.78885
78254,29.53011,-98.72805
78255,29.64814,-98.66405
78256,29.62272,-98.6262
78257,29.64373,-98.57713
78258,29.63574,-98.49282
78259,29.62512,-98.42031
78260,29.69737,-98.49212
78261,29.69189,-98.40072
78263,29.35084,-98.31219
78264,29.19868,-98.50534
78266,29.65611,-98.3295
78330,27.7656,-97.91378
78332,27.71671,-98.13208
78336,27.94356,-97.1862
78338,26.86821,-97.73585
78339,27.80036,-97.7912
78340,28.12472,-97.20982
78341,27.57551,-98.46636
78342,27.66012,-98.07572
78343,27.62163,-97.77216
78344,27.56303,-98.85966
78347,27.57337,-97.48642
78349,27.37501,-98.29983
78351,27.66779,-97.75258
78352,27.98154,-97.68978
78353,26.88621,-98.23927
78355,27.18855,-98.20304
78357,27.93286,-98.5629
78358,28.06841,-97.04325
78359,27.93021,-97.30056
78360,26.8605,-98.83204
78361,27.08457,-98.73973
78362,27.86668,-97.20167
78363,27.43836,-97.85532
78368,28.11299,-97.81201
78369,27.42418,-99.08229
78370,27.94238,-97.6033
78371,27.5493,-99.04716
78372,27.9979,-98.09669
78373,27.78075,-97.11737
78374,27.88849,-97.29366
78375,27.38282,-98.16351
78376,27.37163,-98.47721
78377,28.3418,-97.18051
78379,27.30211,-97.79361
78380,27.77872,-97.7363
78382,28.11489,-97.06342
78383,28.07713,-97.94425
78384,27.73068,-98.4707
78385,27.1276,-97.8369
78387,28.08224,-97.55255
78389,28.244,-97.66619
78390,28.00198,-97.35631
78391,28.18297,-97.72743
78393,28.18097,-97.35427
78401,27.79734,-97.40118
78402,27.82413,-97.4091
78404,27.76798,-97.39946
78405,27.77404,-97.43872
78406,27.77197,-97.51543
78407,27.80762,-97.44772
78408,27.80081,-97.44339
78409,27.81729,-97.51458
78410,27.83798,-97.59388
78411,27.7293,-97.38504
78412,27.70364,-97.34264
78413,27.68345,-97.40409
78414,27.65992,-97.369
78415,27.65437,-97.48712
78416,27.74933,-97.43759
78417,27.73753,-97.46771
78418,27.52732,-97.29313
78501,26.21599,-98.2391
78503,26.16229,-98.25132
78504,26.27758,-98.23728
78516,26.14256,-98.11977
78520,25.96564,-97.55103
78521,25.95109,-97.32078
78526,25.99587,-97.44991
78535,26.24948,-97.73124
78536,26.6432,-98.44369
78537,26.17322,-98.05744
78538,26.36812,-97.97152
78539,26.28,-98.18311
78540,26.54911,-97.99164
78541,26.4528,-98.28632
78542,26.44412,-98.09163
78543,26.30117,-98.00508
78545,26.591,-99.13889
78547,26.30868,-98.69723
78548,26.27654,-98.65527
78549,26.48528,-98.02329
78550,26.25469,-97.66406
78552,26.19664,-97.75083
78557,26.10844,-98.25118
78558,26.29276,-98.02366
78559,26.14549,-97.82765
78560,26.25545,-98.49515
78561,26.4687,-97.91595
78562,26.28809,-97.89293
78563,26.66557,-98.2517
78564,26.67801,-99.13171
78565,26.24453,-98.561
78566,26.13543,-97.42184
78567,26.04607,-97.73866
78569,26.37417,-97.73851
78570,26.17149,-97.9112
78572,26.19848,-98.35633
78573,26.29745,-98.30242
78574,26.31118,-98.37293
78575,26.03234,-97.55083
78576,26.32584,-98.46799
78577,26.1665,-98.19082
78578,26.05336,-97.31004
78579,26.0892,-97.94627
78580,26.50065,-97.75087
78582,26.53937,-98.73985
78583,26.28166,-97.4686
78584,26.56226,-98.98471
78585,26.4856,-99.07737
78586,26.10715,-97.64576
78588,26.73966,-98.39852
78589,26.15349,-98.15979
78590,26.50401,-97.63486
78591,26.65351,-98.53408
78592,26.06516,-97.8461
78593,26.26999,-97.82187
78594,26.34704,-97.8037
78595,26.31457,-98.54038
78596,26.10668,-97.99856
78597,26.2474,-97.19688
78599,26.2181,-97.99087
78602,30.12735,-97.32801
78605,30.77366,-98.04663
78606,30.09213,-98.45789
78607,30.81961,-98.488
78608,30.9341,-97.93255
78609,30.75975,-98.45271
78610,30.07962,-97.84047
78611,30.79188,-98.26663
78612,30.09301,-97.49017
78613,30.50683,-97.81939
78614,29.41314,-97.59429
78615,30.46426,-97.39061
78616,29.92687,-97.55655
78617,30.1508,-97.59928
78618,30.48624,-99.16794
78619,30.11215,-98.03101
78620,30.22214,-98.13491
78621,30.33737,-97.36053
78622,29.77225,-97.78229
78623,29.95973,-98.21933
78624,30.29227,-98.87141
78626,30.66664,-97.59878
78628,30.63981,-97.74636
78629,29.47762,-97.45093
78631,30.34576,-99.31161
78632,29.68866,-97.46858
78633,30.73803,-97.75465
78634,30.56,-97.54404
78635,30.20824,-98.5485
78636,30.31649,-98.42376
78638,29.65821,-97.79595
78639,30.65823,-98.45506
78640,29.99619,-97.82355
78641,30.55851,-97.91473
78642,30.6946,-97.94087
78643,30.68161,-98.71281
78644,29.87111,-97.67292
78645,30.4502,-97.96934
78648,29.69594,-97.63827
78650,30.30536,-97.21574
78652,30.13462,-97.8606
78653,30.33783,-97.52006
78654,30.57112,-98.20982
78655,29.82346,-97.83517
78656,29.90275,-97.8089
78657,30.53328,-98.37906
78658,29.59339,-97.62661
78659,30.20667,-97.12624
78660,30.44361,-97.59558
78661,29.72925,-97.74212
78662,29.94316,-97.44231
78663,30.41582,-98.31144
78664,30.50461,-97.64583
78665,30.55038,-97.63681
78666,29.8826,-97.97974
78669,30.4347,-98.13066
78670,29.76267,-97.84608
78671,30.20409,-98.63275
78672,30.88151,-98.49128
78674,30.67213,-97.59653
78675,30.4585,-98.70534
78676,30.04141,-98.15051
78677,29.34174,-97.59335
78681,30.5355,-97.71981
78701,30.27022,-97.74248
78702,30.26339,-97.7144
78703,30.29385,-97.76554
78704,30.24298,-97.76537
78705,30.2947,-97.739
78717,30.48988,-97.75393
78719,30.14465,-97.67148
78721,30.27127,-97.68345
78722,30.29005,-97.71458
78723,30.30423,-97.68578
78724,30.29474,-97.61439
78725,30.23554,-97.60859
78726,30.42898,-97.84254
78727,30.42894,-97.71736
78728,30.45537,-97.68948
78729,30.45738,-97.75516
78730,30.36322,-97.83847
78731,30.34766,-97.7687
78732,30.3802,-97.89291
78733,30.32338,-97.87762
78734,30.38079,-97.94676
78735,30.26634,-97.86775
78736,30.24833,-97.94965
78737,30.18935,-97.96059
78738,30.30668,-97.99002
78739,30.17596,-97.89087
78741,30.23007,-97.71389
78742,30.24375,-97.65869
78744,30.18024,-97.72888
78745,30.20743,-97.79822
78746,30.29759,-97.81136
78747,30.12521,-97.74117
78748,30.16144,-97.8227
78749,30.21329,-97.85732
78750,30.41685,-97.80223
78751,30.3108,-97.72278
78752,30.33141,-97.70364
78753,30.38353,-97.67335
78754,30.35633,-97.63925
78756,30.32219,-97.7402
78757,30.35164,-97.73267
78758,30.38768,-97.70665
78759,30.4027,-97.76093
78801,29.36407,-99.88476
78802,29.14481,-99.91983
78827,28.42865,-99.72393
78828,29.84372,-99.99375
78829,28.89351,-99.57401
78830,28.53226,-99.48219
78832,29.39512,-100.4069
78833,29.69785,-99.97248
78834,28.54776,-99.87286
78837,29.92708,-101.28057
78838,29.53476,-99.70757
78839,28.71282,-99.75516
78840,29.74499,-100.92362
78841,29.8459,-101.4653
78842,29.63677,-101.01044
78850,29.27937,-99.33581
78851,30.22441,-101.91733
78852,28.82698,-100.31543
78860,28.38168,-100.22962
78861,29.41778,-99.15663
78870,29.29829,-99.61255
78871,29.90185,-101.62018
78872,28.90751,-99.88039
78873,29.80966,-99.73953
78877,28.9533,-100.60429
78879,29.6435,-99.71733
78880,29.96486,-100.27779
78881,29.39333,-99.50972
78883,29.67707,-99.31851
78884,29.63823,-99.49308
78885,29.82682,-99.54502
78886,29.15453,-99.18749
78931,30.03117,-96.44291
78932,30.1656,-96.70793
78933,29.77209,-96.33829
78934,29.7023,-96.56741
78935,29.68797,-96.43006
78938,29.82757,-96.7041
78940,29.93139,-96.66701
78941,29.74201,-97.1561
78942,30.16803,-96.93153
78943,29.69721,-96.59538
78944,30.00401,-96.48945
78945,29.91594,-96.89031
78946,30.18947,-96.77412
78947,30.42378,-97.04183
78948,30.30748,-96.97022
78949,29.83681,-97.08062
78950,29.90735,-96.48518
78951,29.61361,-96.83746
78953,29.85552,-97.35214
78954,30.04507,-96.69774
78956,29.68322,-96.93454
78957,30.01279,-97.17481
78959,29.69877,-97.30153
78962,29.66951,-96.73815
78963,29.92586,-97.02767
79001,35.2824,-102.8023
79002,35.19819,-100.76956
79003,35.63873,-100.0881
79005,36.3874,-100.50627
79007,35.66635,-101.41444
79008,35.69845,-101.42383
79009,34.53016,-102.88533
79010,35.45283,-102.12013
79011,35.63111,-100.20866
79012,35.11701,-102.1072
79013,36.04183,-101.99335
79014,35.91912,-100.32123
79015,34.95259,-101.89925
79018,35.69322,-102.33767
79019,34.98099,-101.39288
79021,33.98366,-101.99302
79022,36.10004,-102.61443
79024,36.43877,-100.35188
79025,34.94943,-102.20117
79027,34.49238,-102.3378
79029,35.89513,-102.02756
79031,34.24501,-102.45225
79032,34.2878,-101.89492
79033,36.30684,-100.97661
79034,36.37524,-100.16581
79035,34.68301,-102.78573
79036,35.59727,-101.54826
79039,35.25237,-101.12206
79040,36.30113,-101.57841
79041,34.0376,-101.93466
79042,34.74802,-101.89449
79043,34.36761,-102.1374
79044,35.87456,-102.37903
79045,34.89831,-102.51228
79046,36.14237,-100.10709
79052,34.35869,-101.76276
79053,34.40284,-102.59106
79054,35.42894,-100.78086
79056,36.21724,-100.22139
79057,35.20638,-100.62157
79058,35.59509,-101.94925
79059,35.79825,-100.73531
79061,35.51987,-100.45706
79062,35.99616,-101.52733
79063,34.51063,-102.115
79064,34.17738,-102.12699
79065,35.52363,-100.90378
79066,35.49929,-101.03423
79068,35.33633,-101.45226
79070,36.25346,-100.80731
79072,34.1719,-101.745
79073,33.95608,-101.94924
79078,35.69856,-101.55
79079,35.20719,-100.24884
79080,35.70341,-101.21116
79081,36.21559,-101.21054
79082,34.21881,-102.2862
79083,35.87359,-101.51422
79084,36.25502,-102.01825
79085,34.73977,-102.50956
79086,36.13538,-101.79255
79087,36.32788,-102.93667
79088,34.57463,-101.69315
79091,34.87053,-102.11431
79092,35.28133,-102.48784
79093,36.26637,-101.02997
79094,34.84546,-101.52493
79095,34.88485,-100.19561
79096,35.45133,-100.1984
79097,35.43104,-101.17405
79098,35.15671,-102.21646
79101,35.20605,-101.83946
79102,35.19948,-101.84661
79103,35.18297,-101.7999
79104,35.2011,-101.79017
79106,35.20369,-101.89178
79107,35.23119,-101.7946
79108,35.37511,-101.80307
79109,35.1665,-101.88633
79110,35.14946,-101.87109
79111,35.21934,-101.68957
79118,35.10103,-101.74863
79119,35.10876,-102.01968
79121,35.17447,-101.92922
79124,35.26891,-102.02705
79201,34.4101,-100.33521
79220,33.7658,-100.76614
79225,34.25058,-99.50831
79226,34.91965,-100.99229
79227,33.87702,-99.74893
79229,33.67379,-100.744
79230,34.71353,-100.04878
79231,33.94164,-101.06579
79233,34.50195,-100.49165
79234,34.22108,-100.95509
79235,33.94794,-101.26088
79236,33.5992,-100.28095
79237,34.85566,-100.66588
79239,34.64837,-100.77015
79240,34.8836,-100.76797
79241,34.18069,-101.38507
79243,33.76426,-101.02557
79244,34.0383,-100.8059
79245,34.68001,-100.47552
79247,34.39704,-99.3807
79248,33.94146,-100.22159
79250,33.88134,-101.59881
79251,34.96174,-100.45441
79252,34.31001,-99.80874
79255,34.36113,-101.04924
79256,33.87463,-100.82078
79257,34.44868,-101.2995
79258,34.24344,-101.29647
79259,34.36243,-100.45594
79261,34.45525,-100.86876
79311,33.85781,-101.88228
79312,34.06218,-102.36794
79313,33.8126,-102.16093
79314,33.63016,-103.03051
79316,33.13478,-102.3058
79322,33.65887,-101.19814
79323,32.94678,-102.89674
79324,33.88759,-102.73534
79325,34.40798,-102.93821
79326,34.09913,-102.21433
79329,33.72503,-101.68807
79330,33.03072,-101.21727
79331,32.66775,-101.97488
79336,33.59962,-102.40214
79339,33.87938,-102.34682
79342,32.90313,-102.33188
79343,33.65096,-101.54459
79344,33.85677,-103.0143
79345,33.33611,-102.32789
79346,33.64805,-102.82309
79347,34.18804,-102.79682
79350,33.73115,-101.82296
79351,32.93191,-101.78581
79353,33.78723,-102.58723
79355,33.16605,-102.89485
79356,33.2562,-101.33245
79357,33.64659,-101.40577
79358,33.4321,-102.20017
79359,32.92872,-102.54718
79360,32.69018,-102.72482
79363,33.70769,-102.03804
79364,33.44681,-101.6355
79366,33.53016,-101.68367
79367,33.58938,-102.16805
79369,33.94322,-102.15916
79370,33.4638,-100.92328
79371,33.97942,-102.69414
79372,33.42482,-102.50108
79373,33.15905,-101.83628
79376,33.25506,-102.64143
79377,32.9309,-102.13653
79378,33.03075,-102.44482
79379,33.49523,-102.65345
79380,33.73913,-102.32784
79381,33.32312,-101.76982
79382,33.46578,-102.02282
79383,33.32429,-101.90801
79401,33.58683,-101.85179
79403,33.6433,-101.76595
79404,33.52651,-101.79856
79407,33.56566,-102.08895
79410,33.56962,-101.89124
79411,33.57012,-101.85773
79412,33.5464,-101.85765
79413,33.54576,-101.88775
79414,33.54862,-101.91943
79415,33.69863,-101.90497
79416,33.60473,-101.97658
79423,33.43376,-101.84751
79424,33.46865,-101.93881
79501,32.74332,-99.89332
79502,33.18305,-100.26499
79503,32.89003,-99.69033
79504,32.31336,-99.35271
79505,33.56323,-99.84003
79506,32.11366,-100.32613
79508,32.26999,-99.83032
79510,32.26006,-99.52872
79511,32.42982,-101.26699
79512,32.32614,-100.92807
79518,33.31644,-100.74382
79519,32.04926,-99.69857
79520,32.87581,-100.13012
79521,33.12478,-99.64061
79525,32.62745,-99.82711
79526,32.6443,-100.75192
79527,32.59637,-101.09939
79528,33.15936,-100.57982
79529,33.42911,-99.82915
79530,32.09981,-99.78178
79532,32.40804,-100.71357
79533,32.84898,-99.54739
79534,32.75559,-100.22273
79535,32.2219,-100.48421
79536,32.47333,-100.02859
79537,32.28033,-100.21402
79538,31.97891,-99.69177
79539,33.36965,-99.89207
79540,33.15173,-100.06289
79541,32.15018,-99.81617
79543,32.71864,-100.38724
79544,33.30557,-99.86565
79545,32.41806,-100.57753
79546,32.8792,-100.49136
79547,33.20478,-99.91023
79548,33.06989,-99.93005
79549,32.90152,-100.90407
79553,32.93785,-99.84022
79556,32.48451,-100.39263
79560,32.67514,-100.2094
79561,32.51974,-100.18369
79562,32.24168,-99.86766
79563,32.42222,-99.90929
79565,32.37637,-101.08415
79566,32.15454,-100.1098
79567,31.97678,-99.97787
79601,32.57226,-99.64921
79602,32.33568,-99.6699
79603,32.39904,-99.89222
79605,32.43394,-99.78182
79606,32.35477,-99.83139
79607,32.42289,-99.83904
79701,31.99239,-102.08105
79703,31.97998,-102.13158
79705,32.09619,-102.0508
79706,31.83622,-101.97025
79707,32.03304,-102.21189
79713,32.49861,-101.74554
79714,32.32947,-102.71323
79718,30.99474,-103.73293
79719,31.46042,-103.4051
79720,32.20171,-101.51395
79721,32.22491,-101.52737
79730,31.19335,-103.06396
79731,31.4477,-102.56095
79733,32.11036,-101.36683
79734,30.68526,-103.97911
79735,30.74837,-102.85518
79738,32.73625,-101.48269
79739,31.75515,-101.50668
79741,32.00833,-102.65675
79742,31.3605,-102.86027
79743,31.24911,-102.76766
79744,30.89083,-101.91305
79745,31.85302,-103.03325
79748,32.38784,-101.66889
79749,32.25551,-101.83419
79752,31.10993,-102.19225
79754,31.81735,-103.49163
79755,31.51298,-101.96934
79756,31.54626,-102.88338
79758,32.0112,-102.33569
79759,31.80913,-102.69819
79761,31.85603,-102.3485
79762,31.92573,-102.35502
79763,31.80766,-102.46744
79764,31.88546,-102.47378
79765,31.92205,-102.29878
79766,31.71014,-102.36185
79769,31.68212,-102.61973
79770,31.85389,-103.90585
79772,31.39852,-103.5867
79776,31.77513,-102.55573
79777,31.47772,-103.16337
79778,31.25857,-101.97359
79780,31.03937,-103.65754
79781,30.60111,-101.75348
79782,32.18599,-101.88823
79783,32.3321,-102.05007
79785,31.32135,-103.94006
79788,31.60544,-102.98261
79789,31.75047,-103.1948
79821,31.97677,-106.59822
79830,29.89491,-103.49925
79834,29.17102,-103.28736
79835,31.93555,-106.59491
79836,31.56975,-106.2112
79837,32.11472,-105.22792
79838,31.49362,-106.17024
79839,31.36476,-105.68693
79842,30.0151,-103.02301
79843,30.11987,-104.30359
79845,29.65332,-104.39724
79846,29.41684,-103.98559
79847,31.78975,-104.99032
79848,30.27747,-102.26187
79849,31.56449,-106.25275
79851,31.2687,-105.26255
79852,29.36484,-103.6029
79853,31.43559,-106.06493
79854,30.6109,-104.62469
79855,30.92331,-104.85583
79901,31.7597,-106.48049
79902,31.78431,-106.49768
79903,31.78622,-106.44194
79904,31.85005,-106.45417
79905,31.76665,-106.42523
79906,31.80906,-106.41954
79907,31.7074,-106.32681
79908,31.82974,-106.37763
79911,31.9361,-106.53569
79912,31.84839,-106.53272
79915,31.74593,-106.37245
79922,31.81126,-106.55823
79924,31.90224,-106.41355
79925,31.79851,-106.36327
79927,31.64566,-106.27359
79928,31.67896,-106.11511
79930,31.81078,-106.46846
79932,31.87753,-106.6068
79934,31.95206,-106.434
79935,31.76804,-106.33029
79936,31.77373,-106.29631
79938,31.85764,-106.03895
75390,32.814,-96.84283
75884,31.78928,-95.89263
75886,31.78698,-95.91234
75962,31.61981,-94.6484
76129,32.70934,-97.36255
76402,32.21728,-98.21702
77204,29.72168,-95.34356
77341,30.69818,-95.55886
77555,29.31082,-94.77641
77843,30.61527,-96.34027
76596,31.47626,-97.72696
76597,31.48446,-97.70983
76598,31.47543,-97.73488
76599,31.47092,-97.73361
76909,31.44135,-100.46624
79016,34.98338,-101.9148
79699,32.46221,-99.71502
79832,30.36316,-103.64934
75641,32.3846,-94.5757
76203,33.21213,-97.15181
76798,31.54606,-97.12085
78001,28.25327,-99.22731
78062,28.74599,-98.19711
78150,29.5381,-98.2815
78243,29.37213,-98.59349
78419,27.69689,-97.26881
78598,26.52363,-97.42327
78712,30.28393,-97.73294
78836,28.32336,-99.64569
78843,29.34904,-100.79188
79051,36.45421,-102.23423
79223,34.2317,-100.48085
79402,33.58124,-101.84201
79406,33.58336,-101.88082
79517,32.87754,-101.24144
79916,31.86268,-106.38912
79918,31.84691,-106.36936
79920,31.82261,-106.46037